iteration	scenario_id	dimension	actor	severity	title	preconditions	steps	expected_result	edge_cases	acceptance_evidence	rollback_or_removal	dependency	blocks_if_unresolved	novelty
1	SC-001	user-types	Novice learner	High	Prerequisite probes choose teaching depth without grading	Synthetic preview is loaded; learner does not know grain or weighted averages	Answer grain probe incorrectly; answer weighted-measure probe by averaging averages; request all hint levels; navigate back and retry	Probe results select clearer explanations only; hint ladder progresses orient to connect to explain; no score or completion changes; correct reasoning and limitations remain visible	Learner skips probes; screen reader announces feedback late; learner changes answer after full hint	Probe event/state assertions; named screen-reader transcript; no completion/network event; hint-level snapshots	Remove hidden scoring and simplify probes/hints; fall back to explicit static prerequisite explanation	Lesson contract vocabulary; neutral preview	Preview acceptance, ADR scoring, later portal cook	New scenario: novice knowledge adaptation
2	SC-002	input-data	Content author	Critical	Untrusted MDX or unsafe fixture content cannot execute	Candidate supports MDX and receives fixture strings containing HTML, JSX-like text, scripts, URLs, and secret-shaped canaries	Build trusted project MDX; inject unsafe values into fixture projection; render; inspect bundle, DOM, network, CSP, and build logs	Fixture values render as data or are rejected by schema; no runtime MDX evaluation, script execution, remote fetch, credential, or unsafe HTML	Malicious link scheme; closing-tag payload; oversized value; MDX import hidden in frontmatter	Schema-negative tests; CSP/browser network trace; bundle/credential scan; build-time trusted-content inventory	Remove remote/runtime MDX and unsafe renderer; regenerate safe fixture/bundle; eliminate candidate if cap expires	Candidate MDX/content stack; safe fixture policy	Preview, ADR scoring, later portal cook	New scenario: hostile content boundary
3	SC-003	timing	Scoring operator	High	Issue #6 fixture changes during the scoring window	Barrier B opened on a recorded issue #6 merge and first candidate has run	Change fixture or contract digest before second candidate; attempt to continue scorecard; reload persisted state	Harness refuses mixed digests; all prior candidate samples become invalid; every candidate reruns from clean state on one digest	Schema changes with same lesson ID; only evidence file changes; persisted browser state references old digest	Per-run merge SHA and digest assertions; scorecard single-digest invariant; invalidation log	Delete all affected measurements/scores/ADR evidence and rerun all candidates; retain only unscored preview observations	Issue #6 tracked fixture and schemas	ADR scoring and later portal cook; not preview	New scenario: dependency lands mid-experiment
4	SC-004	scale	Candidate engineer	High	Resource and payload evidence stays honest at upper content/state bounds	Common contract defines maximum representative acts, evidence cards, hints, and safe fixture sizes	Render maximum allowed content; open all disclosures; traverse journey; capture initial/lab JS, build size, startup, and process-tree RSS	UI stays usable and measurements report raw samples plus declared limits; no candidate silently truncates evidence or lazy-hides required facts	Long labels; many evidence rows; large limitation text; repeated reset/replay	Schema bound tests; browser transfer/build manifest; cold/warm/RSS raw record; complete DOM fact assertions	Invalidate performance score, reduce nonessential presentation, or eliminate candidate; never omit required evidence	Common bounds and measurement harness	ADR scoring and later portal cook	New scenario: upper-bound content and state
5	SC-005	state-transitions	Advanced learner	High	Back reload reset and verify preserve only committed state	Learner has transient answer text, viewed hints, a committed diagnosis step, and a fixture digest	Edit answer without commit; scroll ahead; back/forward; reload; reset twice; verify; reopen evidence	Committed step restores; transient state follows declared draft policy; scroll does not commit; reset is idempotent; verify shows same fixture digest; preview never completes	Reload during animation; duplicate reset click; stale tab; fixture digest changes	State-machine transition tests; URL/session snapshot; idempotent baseline digest; no completed-state schema/DOM event	Remove faulty persistence/animation; restore URL-based committed state and neutral baseline; eliminate candidate if unresolved	Common state model; fixture digest	Preview acceptance, ADR scoring, later portal cook	New scenario: reversible state under interruption
6	SC-006	environmental	Accessibility specialist	High	Keyboard screen reader 200 percent zoom reduced motion and no-JS retain the journey	Candidate passes ordinary desktop pointer flow	Run keyboard-only; named screen reader; 200% zoom/reflow; reduced motion; JavaScript disabled; narrow viewport	All facts, limitations, labels, and linear review remain; focus is visible/logical; rail reflows in document; motion is removed without removing meaning; no two-dimensional narrative scroll	Sticky rail over focus; status not announced; disclosure inaccessible; print/static order differs	Automated semantics/axe plus manual record; reflow screenshots; reduced-motion and JavaScript-off E2E; focus trace	Flatten/remove sticky/motion behavior and retain semantic static sequence; withhold candidate pass	Browser/AT-capable environment; WCAG 2.2	Preview acceptance, ADR scoring, later portal cook	New scenario: combined accessibility environments
7	SC-007	error-cascades	Novice learner	High	Environmental outage cannot masquerade as controlled analytical failure	Preview or candidate can load a controlled failure fixture; fixture asset/API is then unavailable or mismatched	Trigger intended headline failure; then remove/mismatch fixture; retry/reset/verify; restore environment	Controlled failure remains a lesson state with diagnosis; environmental failure stops advancement, identifies repair action, preserves safe trace, and does not overwrite controlled evidence	Offline after fixture cached; unexpected schema error; restoration returns different digest	Distinct failure-code/copy/status/recovery assertions; offline/mismatch E2E; evidence-index integrity test	Remove ambiguous generic error path; restore separate failure renderers and restart attempt on correct digest	Fixture adapter; future API vocabulary	Preview acceptance, ADR scoring, later portal cook	New scenario: cascading controlled and environmental failure
8	SC-008	authorization-levels	Malicious local web page	Critical	Browser has no credential or direct runner authority	Preview runs on loopback; another origin and rebinding-style Host/Origin requests are attempted; bundle is inspected	Load preview; inspect storage/bundle; attempt cross-origin fetch and direct runner-shaped paths; attempt mutation without session/CSRF	Issue #7 exposes no runner or mutation at all; browser contains no credential/runner URL; future contract requires exact Host/Origin, session, CSRF, and preferably Unix socket	Wildcard dev CORS; host alias; token in source map; VITE public env; service worker replay	Bundle/storage/network scan; empty privileged-route inventory; future negative-test contract documented	Remove credential/route/CORS assumption and regenerate bundle; eliminate candidate; no weakening of future contract	Issue #7 scope; future I5-04/I5-05 security contract	Preview, ADR scoring, later portal cook	New scenario: hostile-origin authority probe
9	SC-009	data-integrity	Data Product Owner	Critical	Four incompatible mart grains yield insufficient evidence rather than false causality	All four evidence cards contain plausible values and one promotion has high revenue while one carrier/region is delayed	Inspect cards; attempt to filter/join by promotion; choose a causal conclusion; request verifier explanation	No join/filter path links incompatible grains; causal choice is rejected; decision remains insufficient evidence; UI states the common-grain data needed later	Same region label appears in multiple marts; coincidental counts align; category/promotion names resemble each other	Schema/DOM relationship test; forbidden-attribution copy scan; verifier expected result; reviewer evidence	Delete composite dataset/chart/conclusion and every dependent score; restore independent evidence bundle	Existing mart grains; issue #6 promotion-trust-v1	Preview, ADR scoring, later portal cook	New scenario: plausible but invalid cross-grain inference
10	SC-010	integration-points	Candidate engineer	High	All candidates consume one OpenAPI-compatible adapter without contract drift	Issue #6 schemas are merged read-only; candidate adapters are generated or validated against one version	Run contract tests against each candidate; add unknown field and missing field; compare request/response/event semantics; inspect changed paths	All reject invalid shapes consistently; candidate code maps framework mechanics behind the same LabClient; no shared schema edit or browser-runner direct type	Next server action shortcut; Astro endpoint-only field; Vite fetch type assertion without runtime validation	Identical contract test IDs/output; schema digest; changed-path report; browser type/bundle inspection	Remove candidate-specific fork/shortcut, reset to common adapter, rerun or eliminate at cap	Issue #6 shared schema; common harness	ADR scoring and later portal cook	New scenario: framework adapter drift
11	SC-011	compliance-requirements	Reviewer	High	Non-copy privacy credential and supply-chain evidence survives publication	Candidate evidence includes screenshots, traces, lockfiles, MDX, fixture, dependency data, and non-copy inventory	Review prose/assets/layout/styles/source lineage; scan evidence and bundle; inspect locks/lifecycle scripts/provenance/advisories/licenses/CSP	No copied expression or secret/PII/absolute host path; dependencies are locked and reviewed; CSP assumptions are explicit; findings are dispositioned without silent auto-fix	Screenshot contains user path; source map leaks env; transitive install script; advisory has no fix	Reviewer attestation; credential scan; sanitized artifact schema; lock/lifecycle/provenance/license/CSP report	Remove/regenerate contaminated evidence or derivative design; remove suspect dependency or eliminate candidate; rotate a real exposed secret	Project review; package registry/toolchain	Preview publication, ADR scoring, later portal cook	New scenario: publication and supply-chain obligations
12	SC-012	business-logic	Scoring operator	Critical	Synthetic preview can never become score completion or ADR evidence	Neutral preview is fully runnable before issue #6 and looks polished	Run all acts and verification; export/view evidence; attempt to mark complete; copy preview metrics into scorecard/ADR	Every surface says synthetic unscored cannot complete; no completing transition/API exists; scorecard rejects synthetic fixture kind; ADR remains Proposed	DOM tampering; localStorage edit; query parameter claims real fixture; renamed evidence file	Fixture-kind/digest signatures in state and evidence; scorecard schema rejection; zero completion event/network assertion	Delete provisional score/ADR/completion artifacts; restore neutral preview; rerun Barrier B only after issue #6	Issue #6 barrier; I5-05 completion owner	ADR scoring and later portal cook; preview remains allowed	New scenario: authority laundering from preview
13	SC-013	timing-plus-scale	Scoring operator	High	Rotated measurement order resists cache and background-load bias	All candidates pass must-pass on one fixture; same machine and production-like modes are frozen	Measure three cold/warm rounds in rotated order; inject one background-load anomaly; sample process trees and route bytes	Raw samples expose anomaly; predefined invalid-sample rule is applied equally; no candidate gets extra time; medians/ranges retain topology labels	Registry outage during clean install; orphan child process; port collision; filesystem cache differs	Environment/timer/order log; raw samples; process-tree evidence; invalidation rationale and rerun IDs	Invalidate unequal round/category and rerun all candidates within cap; otherwise no winner	Common measurement host/harness; issue #6 fixture	ADR scoring	Variant/composite: timing and resource fairness
14	SC-014	persona-plus-state	Advanced learner	High	Browser-state tampering cannot forge verification or completion	Learner can edit URL/session/local storage and open two tabs with same attempt	Modify committed step/hint/reset/evidence state; replay stale tab; reload; attempt completed status	Invalid/stale state is rejected or safely reset; evidence digest derives from fixture/verifier, not browser claims; preview has no completion; later completion remains server-authoritative	Clock rollback; duplicate attempt ID; copied storage from other fixture	Tamper E2E; fixture-digest binding; state schema validation; no client-authored verifier result	Clear invalid state and restart attempt; remove client-authoritative evidence path; eliminate candidate if needed	Common state/evidence contract; later I5-05 authority	Preview acceptance, ADR scoring, later portal cook	Variant/composite: adversarial learner state
15	SC-015	environment-plus-deployment	Portal deployment owner	High	Local artifacts map honestly to ECS rollback and CSP behavior	Winning candidate has a production-like local artifact; no cloud resources are created	Start on loopback; test readiness and termination; inspect immutable assets/cache/CSP; map container bind, health, image digest, task revision, and rollback; simulate bad local release by reverting artifact	Local rollback restores prior complete artifact; runtime declares signal/cache/version-skew behavior; ECS mapping uses health-gated previous completed revision; no cloud command or mutable in-container state	Next nonce CSP forces dynamic mode; stale mixed assets; Astro static versus Node mode drift; Vite dev server substituted	Exact local build/start/stop/rollback log; artifact hashes; CSP headers; written ECS task/revision/circuit-breaker mapping	Remove invalid deployment points; revert to prior static preview artifact; keep ADR Proposed if intended mode cannot pass	Candidate runtime; later ECS owner; AWS official guidance	ADR scoring and later portal cook	Variant/composite: accessibility/runtime/deployment environment
